# FDA CYP/transporter roles, extracted 2026-10-06 by scripts/extract_fda_roles.py — reviewed; public domain (US government work)
# fda-hcp-table1: https://www.fda.gov/drugs/drug-interactions-labeling/healthcare-professionals-fdas-examples-drugs-interact-cyp-enzymes-and-transporter-systems (content current as of 2026-05-29)
drug_id,fda_name,pathway,role,level,source
abiraterone,abiraterone,CYP2D6,inhibitor,moderate,fda-hcp-table1
acyclovir,acyclovir,CYP1A2,inhibitor,weak,fda-hcp-table1
adefovir-dipivoxil,adefovir,OAT1,substrate,unspecified,fda-hcp-table1
alfentanil,alfentanil,CYP3A,substrate,sensitive,fda-hcp-table1
allopurinol,allopurinol,CYP1A2,inhibitor,weak,fda-hcp-table1
alosetron,alosetron,CYP1A2,substrate,sensitive,fda-hcp-table1
alprazolam,alprazolam,CYP3A,substrate,moderate-sensitive,fda-hcp-table1
amiodarone,amiodarone,CYP2C9,inhibitor,moderate,fda-hcp-table1
amiodarone,amiodarone,CYP2D6,inhibitor,weak,fda-hcp-table1
amiodarone,amiodarone,CYP3A,inhibitor,weak,fda-hcp-table1
amiodarone,amiodarone,P-gp,inhibitor,unspecified,fda-hcp-table1
aprepitant,aprepitant,CYP2C9,inducer,weak,fda-hcp-table1
aprepitant,aprepitant,CYP3A,inhibitor,moderate,fda-hcp-table1
aprepitant,aprepitant,CYP3A,substrate,moderate-sensitive,fda-hcp-table1
armodafinil,armodafinil,CYP3A,inducer,weak,fda-hcp-table1
atomoxetine,atomoxetine,CYP2D6,substrate,sensitive,fda-hcp-table1
atorvastatin,atorvastatin,CYP3A,substrate,moderate-sensitive,fda-hcp-table1
atorvastatin,atorvastatin,OATP1B1,substrate,unspecified,fda-hcp-table1
atorvastatin,atorvastatin,OATP1B3,substrate,unspecified,fda-hcp-table1
avanafil,avanafil,CYP3A,substrate,sensitive,fda-hcp-table1
baricitinib,baricitinib,OAT3,substrate,unspecified,fda-hcp-table1
benzylpenicillin,penicillin G,OAT3,substrate,unspecified,fda-hcp-table1
bosentan,bosentan,CYP3A,inducer,moderate,fda-hcp-table1
bosentan,bosentan,OATP1B1,substrate,unspecified,fda-hcp-table1
bosentan,bosentan,OATP1B3,substrate,unspecified,fda-hcp-table1
brigatinib,Brigatinib,CYP3A,substrate,moderate-sensitive,fda-hcp-table1
budesonide,budesonide,CYP3A,substrate,sensitive,fda-hcp-table1
bumetanide,bumetanide,OAT3,substrate,unspecified,fda-hcp-table1
bupropion,bupropion,CYP2D6,inhibitor,strong,fda-hcp-table1
bupropion,bupropion,CYP2B6,substrate,sensitive,fda-hcp-table1
buspirone,buspirone,CYP3A,substrate,sensitive,fda-hcp-table1
caffeine,caffeine,CYP1A2,substrate,sensitive,fda-hcp-table1
carbamazepine,carbamazepine,CYP2B6,inducer,strong,fda-hcp-table1
carbamazepine,carbamazepine,CYP2C9,inducer,weak,fda-hcp-table1
carbamazepine,carbamazepine,CYP3A,inducer,strong,fda-hcp-table1
cefaclor,cefaclor,OAT3,substrate,unspecified,fda-hcp-table1
ceftizoxime,ceftizoxime,OAT3,substrate,unspecified,fda-hcp-table1
celecoxib,celecoxib,CYP2D6,inhibitor,weak,fda-hcp-table1
celecoxib,celecoxib,CYP2C9,substrate,sensitive,fda-hcp-table1
ceritinib,ceritinib,CYP2C9,inhibitor,weak,fda-hcp-table1
ceritinib,ceritinib,CYP3A,inhibitor,strong,fda-hcp-table1
chlorzoxazone,chlorzoxazone,CYP3A,inhibitor,weak,fda-hcp-table1
cilostazol,cilostazol,CYP3A,inhibitor,weak,fda-hcp-table1
cimetidine,cimetidine,CYP1A2,inhibitor,weak,fda-hcp-table1
cimetidine,cimetidine,CYP2D6,inhibitor,weak,fda-hcp-table1
cimetidine,cimetidine,CYP3A,inhibitor,weak,fda-hcp-table1
cimetidine,cimetidine,MATE1,inhibitor,unspecified,fda-hcp-table1
cimetidine,cimetidine,MATE2-K,inhibitor,unspecified,fda-hcp-table1
cimetidine,cimetidine,OCT2,inhibitor,unspecified,fda-hcp-table1
cinacalcet,cinacalcet,CYP2D6,inhibitor,moderate,fda-hcp-table1
ciprofloxacin,ciprofloxacin,CYP1A2,inhibitor,moderate,fda-hcp-table1
ciprofloxacin,ciprofloxacin,CYP3A,inhibitor,moderate,fda-hcp-table1
ciprofloxacin,ciprofloxacin,OAT1,substrate,unspecified,fda-hcp-table1
ciprofloxacin,ciprofloxacin,OAT3,substrate,unspecified,fda-hcp-table1
clarithromycin,clarithromycin,CYP3A,inhibitor,strong,fda-hcp-table1
clarithromycin,clarithromycin,OATP1B1,inhibitor,unspecified,fda-hcp-table1
clarithromycin,clarithromycin,OATP1B3,inhibitor,unspecified,fda-hcp-table1
clarithromycin,clarithromycin,P-gp,inhibitor,unspecified,fda-hcp-table1
clobazam,clobazam,CYP2D6,inhibitor,weak,fda-hcp-table1
clopidogrel,clopidogrel,CYP2B6,inhibitor,weak,fda-hcp-table1
clopidogrel,clopidogrel,CYP2C8,inhibitor,moderate,fda-hcp-table1
clotrimazole,clotrimazole,CYP3A,inhibitor,weak,fda-hcp-table1
clozapine,clozapine,CYP1A2,substrate,moderate-sensitive,fda-hcp-table1
cobicistat,cobicistat,CYP2D6,inhibitor,weak,fda-hcp-table1
cobicistat,cobicistat,CYP3A,inhibitor,strong,fda-hcp-table1
cobicistat,cobicistat,P-gp,inhibitor,unspecified,fda-hcp-table1
colchicine,colchicine,CYP3A,substrate,moderate-sensitive,fda-hcp-table1
conivaptan,conivaptan,CYP3A,inhibitor,moderate,fda-hcp-table1
conivaptan,conivaptan,CYP3A,substrate,sensitive,fda-hcp-table1
crizotinib,crizotinib,CYP3A,inhibitor,moderate,fda-hcp-table1
cyclosporine,cyclosporine,BCRP,inhibitor,unspecified,fda-hcp-table1
cyclosporine,cyclosporine,CYP3A,inhibitor,weak,fda-hcp-table1
cyclosporine,cyclosporine,OATP1B1,inhibitor,unspecified,fda-hcp-table1
cyclosporine,cyclosporine,OATP1B3,inhibitor,unspecified,fda-hcp-table1
cyclosporine,cyclosporine,P-gp,inhibitor,unspecified,fda-hcp-table1
dabigatran-etexilate,dabigatran etexilate,P-gp,substrate,unspecified,fda-hcp-table1
dabrafenib,dabrafenib,CYP2C9,inducer,weak,fda-hcp-table1
dabrafenib,dabrafenib,CYP3A,inducer,moderate,fda-hcp-table1
darifenacin,darifenacin,CYP3A,substrate,sensitive,fda-hcp-table1
darunavir,darunavir,CYP3A,substrate,sensitive,fda-hcp-table1
dasatinib,dasatinib,CYP3A,substrate,sensitive,fda-hcp-table1
deferasirox,deferasirox,CYP2C8,inhibitor,moderate,fda-hcp-table1
desipramine,desipramine,CYP2D6,substrate,sensitive,fda-hcp-table1
desloratadine,desloratadine,CYP2C8,substrate,moderate-sensitive,fda-hcp-table1
dextromethorphan,dextromethorphan,CYP2D6,substrate,sensitive,fda-hcp-table1
diazepam,diazepam,CYP2C19,substrate,moderate-sensitive,fda-hcp-table1
digoxin,digoxin,P-gp,substrate,unspecified,fda-hcp-table1
diltiazem,diltiazem,CYP3A,inhibitor,moderate,fda-hcp-table1
disulfiram,disulfiram,CYP2C9,inhibitor,weak,fda-hcp-table1
docetaxel,docetaxel,OATP1B1,substrate,unspecified,fda-hcp-table1
docetaxel,docetaxel,OATP1B3,substrate,unspecified,fda-hcp-table1
dolutegravir,dolutegravir,OCT2,inhibitor,unspecified,fda-hcp-table1
dronedarone,dronedarone,CYP3A,inhibitor,moderate,fda-hcp-table1
dronedarone,dronedarone,P-gp,inhibitor,unspecified,fda-hcp-table1
dronedarone,dronedarone,CYP3A,substrate,sensitive,fda-hcp-table1
duloxetine,duloxetine,CYP2D6,inhibitor,moderate,fda-hcp-table1
duloxetine,duloxetine,CYP1A2,substrate,sensitive,fda-hcp-table1
edoxaban,edoxaban,P-gp,substrate,unspecified,fda-hcp-table1
efavirenz,efavirenz,CYP2B6,inducer,moderate,fda-hcp-table1
efavirenz,efavirenz,CYP2C19,inducer,moderate,fda-hcp-table1
efavirenz,efavirenz,CYP3A,inducer,moderate,fda-hcp-table1
efavirenz,efavirenz,CYP2B6,substrate,moderate-sensitive,fda-hcp-table1
eletriptan,eletriptan,CYP3A,substrate,sensitive,fda-hcp-table1
eliglustat,eliglustat,CYP2D6,substrate,sensitive,fda-hcp-table1
eliglustat,eliglustat,CYP3A,substrate,moderate-sensitive,fda-hcp-table1
eltrombopag,eltrombopag,BCRP,inhibitor,unspecified,fda-hcp-table1
enzalutamide,enzalutamide,CYP2C19,inducer,moderate,fda-hcp-table1
enzalutamide,enzalutamide,CYP2C9,inducer,moderate,fda-hcp-table1
enzalutamide,enzalutamide,CYP3A,inducer,strong,fda-hcp-table1
eplerenone,eplerenone,CYP3A,substrate,sensitive,fda-hcp-table1
erythromycin,erythromycin,CYP3A,inhibitor,moderate,fda-hcp-table1
erythromycin,erythromycin,P-gp,inhibitor,unspecified,fda-hcp-table1
escitalopram,escitalopram,CYP2D6,inhibitor,weak,fda-hcp-table1
etravirine,etravirine,CYP3A,inducer,moderate,fda-hcp-table1
everolimus,everolimus,CYP3A,substrate,sensitive,fda-hcp-table1
famotidine,famotidine,OAT3,substrate,unspecified,fda-hcp-table1
febuxostat,febuxostat,BCRP,inhibitor,unspecified,fda-hcp-table1
felbamate,felbamate,CYP2C19,inhibitor,moderate,fda-hcp-table1
felodipine,felodipine,CYP3A,substrate,sensitive,fda-hcp-table1
fexofenadine,fexofenadine,OATP1B1,substrate,unspecified,fda-hcp-table1
fexofenadine,fexofenadine,OATP1B3,substrate,unspecified,fda-hcp-table1
fexofenadine,fexofenadine,P-gp,substrate,unspecified,fda-hcp-table1
fluconazole,fluconazole,CYP2C19,inhibitor,strong,fda-hcp-table1
fluconazole,fluconazole,CYP2C9,inhibitor,moderate,fda-hcp-table1
fluconazole,fluconazole,CYP3A,inhibitor,moderate,fda-hcp-table1
fluoxetine,fluoxetine,CYP2C19,inhibitor,strong,fda-hcp-table1
fluoxetine,fluoxetine,CYP2D6,inhibitor,strong,fda-hcp-table1
fluvastatin,fluvastatin,CYP2C9,inhibitor,weak,fda-hcp-table1
fluvoxamine,fluvoxamine,CYP1A2,inhibitor,strong,fda-hcp-table1
fluvoxamine,fluvoxamine,CYP2C19,inhibitor,strong,fda-hcp-table1
fluvoxamine,fluvoxamine,CYP2C9,inhibitor,weak,fda-hcp-table1
fluvoxamine,fluvoxamine,CYP2D6,inhibitor,weak,fda-hcp-table1
fluvoxamine,fluvoxamine,CYP3A,inhibitor,weak,fda-hcp-table1
fosaprepitant,fosaprepitant,CYP3A,inhibitor,weak,fda-hcp-table1
furosemide,furosemide,OAT1,substrate,unspecified,fda-hcp-table1
furosemide,furosemide,OAT3,substrate,unspecified,fda-hcp-table1
gemfibrozil,gemfibrozil,CYP2C8,inhibitor,strong,fda-hcp-table1
gemfibrozil,gemfibrozil,OAT3,inhibitor,unspecified,fda-hcp-table1
gemfibrozil,gemfibrozil,OATP1B1,inhibitor,unspecified,fda-hcp-table1
gemfibrozil,gemfibrozil,OATP1B3,inhibitor,unspecified,fda-hcp-table1
glimepiride,glimepiride,CYP2C9,substrate,moderate-sensitive,fda-hcp-table1
glyburide,glyburide,OATP1B1,substrate,unspecified,fda-hcp-table1
glyburide,glyburide,OATP1B3,substrate,unspecified,fda-hcp-table1
ibrutinib,ibrutinib,CYP3A,substrate,sensitive,fda-hcp-table1
idelalisib,idelalisib,CYP3A,inhibitor,strong,fda-hcp-table1
imatinib,imatinib,CYP3A,inhibitor,moderate,fda-hcp-table1
imipramine,imipramine,CYP2D6,substrate,moderate-sensitive,fda-hcp-table1
indinavir,indinavir,CYP3A,substrate,sensitive,fda-hcp-table1
isavuconazole,isavuconazole,CYP2B6,inducer,weak,fda-hcp-table1
isavuconazole,isavuconazole,CYP3A,inhibitor,moderate,fda-hcp-table1
isavuconazole,isavuconazole,MATE1,inhibitor,unspecified,fda-hcp-table1
isavuconazole,isavuconazole,MATE2-K,inhibitor,unspecified,fda-hcp-table1
isavuconazole,isavuconazole,OCT2,inhibitor,unspecified,fda-hcp-table1
isavuconazole,isavuconazole,CYP3A,substrate,sensitive,fda-hcp-table1
itraconazole,itraconazole,CYP3A,inhibitor,strong,fda-hcp-table1
itraconazole,itraconazole,P-gp,inhibitor,unspecified,fda-hcp-table1
ivabradine,ivabradine,CYP3A,substrate,sensitive,fda-hcp-table1
ivacaftor,ivacaftor,CYP3A,inhibitor,weak,fda-hcp-table1
ketoconazole,ketoconazole,CYP3A,inhibitor,strong,fda-hcp-table1
ketoconazole,ketoconazole,P-gp,inhibitor,unspecified,fda-hcp-table1
labetalol,labetalol,CYP2D6,inhibitor,weak,fda-hcp-table1
lansoprazole,lansoprazole,CYP2C19,substrate,moderate-sensitive,fda-hcp-table1
lapatinib,lapatinib,P-gp,inhibitor,unspecified,fda-hcp-table1
lomitapide,lomitapide,CYP3A,inhibitor,weak,fda-hcp-table1
lomitapide,lomitapide,CYP3A,substrate,sensitive,fda-hcp-table1
loperamide,Loperamide,CYP2C8,substrate,moderate-sensitive,fda-hcp-table1
loperamide,Loperamide,CYP3A,substrate,moderate-sensitive,fda-hcp-table1
loperamide,Loperamide,P-gp,substrate,unspecified,fda-hcp-table1
lorcaserin,lorcaserin,CYP2D6,inhibitor,moderate,fda-hcp-table1
lovastatin,lovastatin,CYP3A,substrate,sensitive,fda-hcp-table1
lovastatin,lovastatin,OATP1B1,substrate,unspecified,fda-hcp-table1
lurasidone,lurasidone,CYP3A,substrate,sensitive,fda-hcp-table1
maraviroc,maraviroc,CYP3A,substrate,sensitive,fda-hcp-table1
melatonin,melatonin,CYP1A2,substrate,sensitive,fda-hcp-table1
metformin,metformin,MATE1,substrate,unspecified,fda-hcp-table1
metformin,metformin,MATE2-K,substrate,unspecified,fda-hcp-table1
metformin,metformin,OCT2,substrate,unspecified,fda-hcp-table1
methotrexate,methotrexate,OAT3,substrate,unspecified,fda-hcp-table1
methoxsalen,methoxsalen,CYP1A2,inhibitor,moderate,fda-hcp-table1
metoprolol,metoprolol,CYP2D6,substrate,moderate-sensitive,fda-hcp-table1
mexiletine,mexiletine,CYP1A2,inhibitor,moderate,fda-hcp-table1
miconazole,miconazole,CYP2C9,inhibitor,moderate,fda-hcp-table1
midazolam,midazolam,CYP3A,substrate,sensitive,fda-hcp-table1
mirabegron,mirabegron,CYP2D6,inhibitor,moderate,fda-hcp-table1
mitotane,mitotane,CYP3A,inducer,strong,fda-hcp-table1
modafinil,modafinil,CYP3A,inducer,weak,fda-hcp-table1
montelukast,montelukast,CYP2C8,substrate,moderate-sensitive,fda-hcp-table1
naloxegol,naloxegol,CYP3A,substrate,sensitive,fda-hcp-table1
nebivolol,nebivolol,CYP2D6,substrate,sensitive,fda-hcp-table1
nefazodone,nefazodone,CYP3A,inhibitor,strong,fda-hcp-table1
nelfinavir,nelfinavir,CYP3A,inhibitor,strong,fda-hcp-table1
nevirapine,nevirapine,CYP2B6,inducer,weak,fda-hcp-table1
nisoldipine,nisoldipine,CYP3A,substrate,sensitive,fda-hcp-table1
nortriptyline,nortriptyline,CYP2D6,substrate,moderate-sensitive,fda-hcp-table1
omeprazole,omeprazole,CYP2C19,inhibitor,weak,fda-hcp-table1
omeprazole,omeprazole,CYP2C19,substrate,sensitive,fda-hcp-table1
paclitaxel,paclitaxel,OATP1B1,substrate,unspecified,fda-hcp-table1
paclitaxel,paclitaxel,OATP1B3,substrate,unspecified,fda-hcp-table1
paroxetine,paroxetine,CYP2D6,inhibitor,strong,fda-hcp-table1
perphenazine,perphenazine,CYP2D6,substrate,sensitive,fda-hcp-table1
phenobarbital,phenobarbital,CYP3A,inducer,moderate,fda-hcp-table1
phenytoin,phenytoin,CYP1A2,inducer,moderate,fda-hcp-table1
phenytoin,phenytoin,CYP2C19,inducer,moderate,fda-hcp-table1
phenytoin,phenytoin,CYP3A,inducer,strong,fda-hcp-table1
phenytoin,phenytoin,CYP2C9,substrate,moderate-sensitive,fda-hcp-table1
pimozide,pimozide,CYP2D6,substrate,moderate-sensitive,fda-hcp-table1
pimozide,pimozide,CYP3A,substrate,moderate-sensitive,fda-hcp-table1
pioglitazone,pioglitazone,CYP2C8,substrate,moderate-sensitive,fda-hcp-table1
pirfenidone,pirfenidone,CYP1A2,substrate,moderate-sensitive,fda-hcp-table1
pitavastatin,pitavastatin,OATP1B1,substrate,unspecified,fda-hcp-table1
pitavastatin,pitavastatin,OATP1B3,substrate,unspecified,fda-hcp-table1
posaconazole,posaconazole,CYP3A,inhibitor,strong,fda-hcp-table1
pravastatin,pravastatin,OATP1B1,substrate,unspecified,fda-hcp-table1
pravastatin,pravastatin,OATP1B3,substrate,unspecified,fda-hcp-table1
primidone,primidone,CYP3A,inducer,moderate,fda-hcp-table1
probenecid,probenecid,OAT1,inhibitor,unspecified,fda-hcp-table1
probenecid,probenecid,OAT3,inhibitor,unspecified,fda-hcp-table1
propafenone,propafenone,P-gp,inhibitor,unspecified,fda-hcp-table1
propafenone,propafenone,CYP2D6,substrate,moderate-sensitive,fda-hcp-table1
propranolol,propranolol,CYP2D6,substrate,moderate-sensitive,fda-hcp-table1
pyrimethamine,pyrimethamine,MATE1,inhibitor,unspecified,fda-hcp-table1
pyrimethamine,pyrimethamine,MATE2-K,inhibitor,unspecified,fda-hcp-table1
quetiapine,quetiapine,CYP3A,substrate,sensitive,fda-hcp-table1
quinidine,quinidine,CYP2D6,inhibitor,strong,fda-hcp-table1
quinidine,quinidine,P-gp,inhibitor,unspecified,fda-hcp-table1
rabeprazole,rabeprazole,CYP2C19,substrate,moderate-sensitive,fda-hcp-table1
ramelteon,ramelteon,CYP1A2,substrate,sensitive,fda-hcp-table1
ranitidine,ranitidine,CYP3A,inhibitor,weak,fda-hcp-table1
ranolazine,ranolazine,CYP3A,inhibitor,weak,fda-hcp-table1
ranolazine,ranolazine,MATE1,inhibitor,unspecified,fda-hcp-table1
ranolazine,ranolazine,MATE2-K,inhibitor,unspecified,fda-hcp-table1
ranolazine,ranolazine,OCT2,inhibitor,unspecified,fda-hcp-table1
ranolazine,ranolazine,P-gp,inhibitor,unspecified,fda-hcp-table1
repaglinide,repaglinide,CYP2C8,substrate,sensitive,fda-hcp-table1
repaglinide,repaglinide,OATP1B1,substrate,unspecified,fda-hcp-table1
repaglinide,repaglinide,OATP1B3,substrate,unspecified,fda-hcp-table1
rifampicin,rifampin,CYP1A2,inducer,moderate,fda-hcp-table1
rifampicin,rifampin,CYP2B6,inducer,moderate,fda-hcp-table1
rifampicin,rifampin,CYP2C19,inducer,strong,fda-hcp-table1
rifampicin,rifampin,CYP2C8,inducer,moderate,fda-hcp-table1
rifampicin,rifampin,CYP2C9,inducer,moderate,fda-hcp-table1
rifampicin,rifampin,CYP3A,inducer,strong,fda-hcp-table1
rifampicin,rifampin,OATP1B1,inhibitor,unspecified,fda-hcp-table1
rifampicin,rifampin,OATP1B3,inhibitor,unspecified,fda-hcp-table1
rilpivirine,rilpivirine,CYP3A,substrate,moderate-sensitive,fda-hcp-table1
ritonavir,ritonavir,CYP2B6,inducer,weak,fda-hcp-table1
ritonavir,ritonavir,CYP2C19,inducer,weak,fda-hcp-table1
ritonavir,ritonavir,CYP2C9,inducer,weak,fda-hcp-table1
ritonavir,ritonavir,CYP3A,inhibitor,strong,fda-hcp-table1
rivaroxaban,rivaroxaban,CYP3A,substrate,moderate-sensitive,fda-hcp-table1
rolapitant,rolapitant,BCRP,inhibitor,unspecified,fda-hcp-table1
rolapitant,rolapitant,CYP2D6,inhibitor,moderate,fda-hcp-table1
rolapitant,rolapitant,P-gp,inhibitor,unspecified,fda-hcp-table1
rosiglitazone,rosiglitazone,CYP2C8,substrate,moderate-sensitive,fda-hcp-table1
rosuvastatin,rosuvastatin,BCRP,substrate,unspecified,fda-hcp-table1
rosuvastatin,rosuvastatin,OATP1B1,substrate,unspecified,fda-hcp-table1
rosuvastatin,rosuvastatin,OATP1B3,substrate,unspecified,fda-hcp-table1
rufinamide,rufinamide,CYP3A,inducer,weak,fda-hcp-table1
saquinavir,saquinavir,CYP3A,substrate,sensitive,fda-hcp-table1
selexipag,selexipag,CYP2C8,substrate,sensitive,fda-hcp-table1
sertraline,sertraline,CYP2D6,inhibitor,weak,fda-hcp-table1
sildenafil,sildenafil,CYP3A,substrate,sensitive,fda-hcp-table1
simvastatin,simvastatin,CYP3A,substrate,sensitive,fda-hcp-table1
simvastatin,simvastatin,OATP1B1,substrate,unspecified,fda-hcp-table1
simvastatin,simvastatin,OATP1B3,substrate,unspecified,fda-hcp-table1
sirolimus,sirolimus,CYP3A,substrate,sensitive,fda-hcp-table1
sulfasalazine,sulfasalazine,BCRP,substrate,unspecified,fda-hcp-table1
tacrolimus,tacrolimus,CYP3A,substrate,sensitive,fda-hcp-table1
tadalafil,tadalafil,CYP3A,substrate,moderate-sensitive,fda-hcp-table1
tasimelteon,tasimelteon,CYP1A2,substrate,sensitive,fda-hcp-table1
telithromycin,telithromycin,CYP3A,inhibitor,strong,fda-hcp-table1
terbinafine,terbinafine,CYP2D6,inhibitor,strong,fda-hcp-table1
teriflunomide,teriflunomide,CYP1A2,inducer,moderate,fda-hcp-table1
teriflunomide,teriflunomide,BCRP,inhibitor,unspecified,fda-hcp-table1
teriflunomide,teriflunomide,CYP2C8,inhibitor,moderate,fda-hcp-table1
teriflunomide,teriflunomide,OAT3,inhibitor,unspecified,fda-hcp-table1
teriflunomide,teriflunomide,OATP1B1,inhibitor,unspecified,fda-hcp-table1
theophylline,theophylline,CYP1A2,substrate,moderate-sensitive,fda-hcp-table1
ticagrelor,ticagrelor,BCRP,inhibitor,unspecified,fda-hcp-table1
ticagrelor,ticagrelor,CYP3A,inhibitor,weak,fda-hcp-table1
ticagrelor,ticagrelor,CYP3A,substrate,sensitive,fda-hcp-table1
ticlopidine,ticlopidine,CYP2B6,inhibitor,weak,fda-hcp-table1
ticlopidine,ticlopidine,CYP2C19,inhibitor,strong,fda-hcp-table1
tipranavir,tipranavir,CYP3A,substrate,sensitive,fda-hcp-table1
tizanidine,tizanidine,CYP1A2,substrate,sensitive,fda-hcp-table1
tolbutamide,tolbutamide,CYP2C9,substrate,moderate-sensitive,fda-hcp-table1
tolterodine,tolterodine,CYP2D6,substrate,sensitive,fda-hcp-table1
tolvaptan,tolvaptan,CYP3A,substrate,sensitive,fda-hcp-table1
tramadol,tramadol,CYP2D6,substrate,moderate-sensitive,fda-hcp-table1
triazolam,triazolam,CYP3A,substrate,sensitive,fda-hcp-table1
trimethoprim,trimethoprim,CYP2C8,inhibitor,weak,fda-hcp-table1
trimethoprim,trimethoprim,MATE1,inhibitor,unspecified,fda-hcp-table1
trimethoprim,trimethoprim,MATE2-K,inhibitor,unspecified,fda-hcp-table1
trimipramine,trimipramine,CYP2D6,substrate,moderate-sensitive,fda-hcp-table1
vandetanib,vandetanib,MATE1,inhibitor,unspecified,fda-hcp-table1
vandetanib,vandetanib,MATE2-K,inhibitor,unspecified,fda-hcp-table1
vardenafil,vardenafil,CYP3A,substrate,sensitive,fda-hcp-table1
vemurafenib,vemurafenib,CYP3A,inducer,weak,fda-hcp-table1
vemurafenib,vemurafenib,CYP1A2,inhibitor,moderate,fda-hcp-table1
vemurafenib,vemurafenib,CYP2D6,inhibitor,weak,fda-hcp-table1
venetoclax,venetoclax,CYP3A,substrate,sensitive,fda-hcp-table1
venlafaxine,R-venlafaxine,CYP2D6,substrate,sensitive,fda-hcp-table1
verapamil,verapamil,CYP3A,inhibitor,moderate,fda-hcp-table1
verapamil,verapamil,P-gp,inhibitor,unspecified,fda-hcp-table1
voriconazole,voriconazole,CYP2B6,inhibitor,weak,fda-hcp-table1
voriconazole,voriconazole,CYP2C19,inhibitor,moderate,fda-hcp-table1
voriconazole,voriconazole,CYP2C9,inhibitor,weak,fda-hcp-table1
voriconazole,voriconazole,CYP3A,inhibitor,strong,fda-hcp-table1
voriconazole,voriconazole,CYP2C19,substrate,moderate-sensitive,fda-hcp-table1
warfarin,warfarin,CYP2C9,substrate,moderate-sensitive,fda-hcp-table1
zileuton,zileuton,CYP1A2,inhibitor,weak,fda-hcp-table1
